{
  "title": "Untitled Project (fork)",
  "description": "",
  "head": "<meta charset=\"UTF-8\" />\n<meta name=\"viewport\" content=\"width=device-width, initial-scale=1.0\" />",
  "htmlAttrs": "lang=\"en\" class=\"\"",
  "tags": [],
  "autoupdate": true,
  "autosave": false,
  "autotest": false,
  "delay": 1500,
  "formatOnsave": false,
  "view": "split",
  "mode": "full",
  "theme": "dark",
  "layout": "responsive",
  "recoverUnsaved": true,
  "showSpacing": false,
  "welcome": true,
  "readonly": false,
  "allowLangChange": true,
  "activeEditor": "script",
  "markup": {
    "language": "html",
    "content": ""
  },
  "style": {
    "language": "css",
    "content": ""
  },
  "script": {
    "language": "react-native",
    "content": "import React from 'react';\n\nfunction App() {\n  // Стили для контейнера (зеленый фон)\n  const containerStyle = {\n    backgroundColor: '#32CD32', // Зеленый цвет травы\n    width: '100vw',\n    height: '100vh',\n    margin: 0,\n    padding: 0,\n    position: 'relative',\n    overflow: 'hidden',\n  };\n\n  // Стиль для неба\n  const skyStyle = {\n    position: 'absolute',\n    top: 0,\n    left: 0,\n    width: '100%',\n    height: '70%',\n    backgroundColor: '#87CEEB', // Синий цвет неба\n    zIndex: 1,\n  };\n\n  // Стиль для человека (черный)\n  const personStyle = {\n    position: 'absolute',\n    bottom: '20%',\n    left: '50%',\n    transform: 'translateX(-50%)',\n    width: '40px',\n    height: '80px',\n    backgroundColor: 'black',\n    borderRadius: '5px',\n    zIndex: 3,\n  };\n\n  // Стиль для рюкзака\n  const backpackStyle = {\n    position: 'absolute',\n    bottom: '20%',\n    left: '52%',\n    width: '30px',\n    height: '50px',\n    backgroundColor: '#333',\n    borderRadius: '5px',\n    zIndex: 2,\n  };\n\n  // Стиль для собаки\n  const dogStyle = {\n    position: 'absolute',\n    bottom: '20%',\n    left: '40%',\n    width: '30px',\n    height: '20px',\n    backgroundColor: '#8B4513', // Коричневый цвет\n    borderRadius: '50% 50% 50% 50% / 60% 60% 40% 40%',\n    zIndex: 3,\n  };\n\n  // Создаем 4 дерева на разных позициях\n  const tree1Style = {\n    position: 'absolute',\n    bottom: '20%',\n    left: '10%',\n    width: '20px',\n    height: '60px',\n    backgroundColor: '#8B4513',\n    zIndex: 2,\n  };\n  \n  const tree1TopStyle = {\n    position: 'absolute',\n    bottom: '65%',\n    left: '5%',\n    width: '60px',\n    height: '80px',\n    backgroundColor: '#228B22',\n    borderRadius: '50%',\n    zIndex: 2,\n  };\n\n  const tree2Style = {\n    position: 'absolute',\n    bottom: '20%',\n    left: '25%',\n    width: '20px',\n    height: '70px',\n    backgroundColor: '#8B4513',\n    zIndex: 2,\n  };\n  \n  const tree2TopStyle = {\n    position: 'absolute',\n    bottom: '70%',\n    left: '20%',\n    width: '70px',\n    height: '90px',\n    backgroundColor: '#228B22',\n    borderRadius: '50%',\n    zIndex: 2,\n  };\n\n  const tree3Style = {\n    position: 'absolute',\n    bottom: '20%',\n    left: '70%',\n    width: '20px',\n    height: '65px',\n    backgroundColor: '#8B4513',\n    zIndex: 2,\n  };\n  \n  const tree3TopStyle = {\n    position: 'absolute',\n    bottom: '65%',\n    left: '65%',\n    width: '65px',\n    height: '85px',\n    backgroundColor: '#228B22',\n    borderRadius: '50%',\n    zIndex: 2,\n  };\n\n  const tree4Style = {\n    position: 'absolute',\n    bottom: '20%',\n    left: '85%',\n    width: '20px',\n    height: '55px',\n    backgroundColor: '#8B4513',\n    zIndex: 2,\n  };\n  \n  const tree4TopStyle = {\n    position: 'absolute',\n    bottom: '60%',\n    left: '80%',\n    width: '55px',\n    height: '75px',\n    backgroundColor: '#228B22',\n    borderRadius: '50%',\n    zIndex: 2,\n  };\n\n  return (\n    <div style={containerStyle}>\n      <div style={skyStyle}></div>\n      \n      {/* Деревья на фоне */}\n      <div style={tree1Style}></div>\n      <div style={tree1TopStyle}></div>\n      \n      <div style={tree2Style}></div>\n      <div style={tree2TopStyle}></div>\n      \n      <div style={tree3Style}></div>\n      <div style={tree3TopStyle}></div>\n      \n      <div style={tree4Style}></div>\n      <div style={tree4TopStyle}></div>\n      \n      {/* Человек и рюкзак */}\n      <div style={backpackStyle}></div>\n      <div style={personStyle}></div>\n      \n      {/* Собака */}\n      <div style={dogStyle}></div>\n    </div>\n  );\n}\n\nexport default App;"
  },
  "stylesheets": [],
  "scripts": [],
  "cssPreset": "",
  "imports": {},
  "types": {},
  "tests": {
    "language": "typescript",
    "content": ""
  },
  "tools": {
    "enabled": "all",
    "active": "",
    "status": ""
  },
  "zoom": 1,
  "processors": [],
  "customSettings": {},
  "useTabs": false,
  "tabSize": 2,
  "lineNumbers": true,
  "wordWrap": false,
  "closeBrackets": true,
  "foldRegions": false,
  "semicolons": true,
  "singleQuote": false,
  "trailingComma": true,
  "emmet": true,
  "enableAI": false,
  "version": "46"
}